﻿<?xml version="1.0" encoding="utf-8"?>
<ServiceManifest xmlns:xsd="http://www.w3.org/2001/XMLSchema" xmlns:xsi="http://www.w3.org/2001/XMLSchema-instance" Name="RestockRequest.ActorPkg" Version="1.0.0" xmlns="http://schemas.microsoft.com/2011/01/fabric">
  <ServiceTypes>
    <StatefulServiceType ServiceTypeName="RestockRequestActorServiceType">
      <Extensions>
        <Extension Name="__GeneratedServiceType__" GeneratedId="cd8c75cc-03eb-4aec-ab00-dd3cc5048d9d|None">
          <GeneratedNames xmlns="http://schemas.microsoft.com/2015/03/fabact-no-schema">
            <DefaultService Name="RestockRequestActorService" />
            <ServiceEndpoint Name="RestockRequestActorServiceEndpoint" />
            <ReplicatorEndpoint Name="RestockRequestActorServiceReplicatorEndpoint" />
            <ReplicatorConfigSection Name="RestockRequestActorServiceReplicatorConfig" />
            <ReplicatorSecurityConfigSection Name="RestockRequestActorServiceReplicatorSecurityConfig" />
            <StoreConfigSection Name="RestockRequestActorServiceLocalStoreConfig" />
          </GeneratedNames>
        </Extension>
      </Extensions>
    </StatefulServiceType>
  </ServiceTypes>
  <CodePackage Name="Code" Version="1.0.0">
    <EntryPoint>
      <ExeHost>
        <Program>RestockRequest.Actor.exe</Program>
      </ExeHost>
    </EntryPoint>
  </CodePackage>
  <ConfigPackage Name="Config" Version="1.0.0" />
  <Resources>
    <Endpoints>
      <Endpoint Name="RestockRequestActorServiceEndpoint" />
      <Endpoint Name="RestockRequestActorServiceReplicatorEndpoint" />
    </Endpoints>
  </Resources>
</ServiceManifest>