﻿<?xml version="1.0" encoding="utf-8"?>
<ServiceManifest xmlns:xsd="http://www.w3.org/2001/XMLSchema" xmlns:xsi="http://www.w3.org/2001/XMLSchema-instance" Name="CustomerOrder.ActorPkg" Version="1.0.0" xmlns="http://schemas.microsoft.com/2011/01/fabric">
  <ServiceTypes>
    <StatefulServiceType ServiceTypeName="CustomerOrderActorServiceType">
      <Extensions>
        <Extension Name="__GeneratedServiceType__" GeneratedId="36545b1e-9aa7-417b-a8aa-b7e28fd47353|None">
          <GeneratedNames xmlns="http://schemas.microsoft.com/2015/03/fabact-no-schema">
            <DefaultService Name="CustomerOrderActorService" />
            <ServiceEndpoint Name="CustomerOrderActorServiceEndpoint" />
            <ReplicatorEndpoint Name="CustomerOrderActorServiceReplicatorEndpoint" />
            <ReplicatorConfigSection Name="CustomerOrderActorServiceReplicatorConfig" />
            <ReplicatorSecurityConfigSection Name="CustomerOrderActorServiceReplicatorSecurityConfig" />
            <StoreConfigSection Name="CustomerOrderActorServiceLocalStoreConfig" />
          </GeneratedNames>
        </Extension>
      </Extensions>
    </StatefulServiceType>
  </ServiceTypes>
  <CodePackage Name="Code" Version="1.0.0">
    <EntryPoint>
      <ExeHost>
        <Program>CustomerOrder.Actor.exe</Program>
      </ExeHost>
    </EntryPoint>
  </CodePackage>
  <ConfigPackage Name="Config" Version="1.0.0" />
  <Resources>
    <Endpoints>
      <Endpoint Name="CustomerOrderActorServiceEndpoint" />
      <Endpoint Name="CustomerOrderActorServiceReplicatorEndpoint" />
    </Endpoints>
  </Resources>
</ServiceManifest>